batter,runs,balls_faced,strike_rate
L Wood,9,3,300.0
B Stanlake,5,2,250.0
J Fraser-McGurk,324,139,233.09
R Sai Kishore,13,6,216.67
Umar Gul,39,19,205.26
RS Sodhi,4,2,200.0
R Shepherd,115,62,185.48
Naman Dhir,140,78,179.49
PD Salt,652,368,177.17
Shahid Afridi,81,46,176.09
AD Russell,2465,1407,175.2
I Malhotra,7,4,175.0
TM Head,767,441,173.92
SB Dubey,33,19,173.68
LJ Wright,102,59,172.88
WG Jacks,224,130,172.31
T Stubbs,399,232,171.98
KK Cooper,115,67,171.64
ER Dwivedi,24,14,171.43
AUK Pathan,39,23,169.57
TH David,652,385,169.35
H Klaasen,987,584,169.01
BCJ Cutting,238,141,168.79
K Gowtham,247,148,166.89
KMDN Kulasekara,5,3,166.67
Shivam Sharma,5,3,166.67
Ashutosh Sharma,183,110,166.36
SP Narine,1532,924,165.8
Ramandeep Singh,164,100,164.0
Avesh Khan,41,25,164.0
CR Brathwaite,180,110,163.64
BJ Haddin,18,11,163.64
KJ Abbott,13,8,162.5
N Pooran,1769,1090,162.29
Rashid Khan,536,331,161.93
LS Livingstone,923,571,161.65
Shashank Singh,423,262,161.45
Kamran Akmal,124,77,161.04
AJ Hosein,16,10,160.0
OC McCoy,8,5,160.0
R Ravindra,218,137,159.12
RM Patidar,798,502,158.96
Akash Deep,19,12,158.33
D Pretorius,44,28,157.14
GJ Maxwell,2764,1761,156.96
V Sehwag,2713,1740,155.92
A Raghuvanshi,163,105,155.24
Abhishek Sharma,1369,883,155.04
AP Dole,34,22,154.55
CH Morris,612,397,154.16
RR Rossouw,471,306,153.92
LPC Silva,40,26,153.85
SO Hetmyer,1241,807,153.78
PVD Chameera,43,28,153.57
C Green,699,457,152.95
Abishek Porel,359,235,152.77
Bipul Sharma,187,123,152.03
Dhruv Jurel,347,229,151.53
AB de Villiers,5148,3400,151.41
JM Sharma,723,481,150.31
YBK Jaiswal,1595,1062,150.19
SD Hope,183,122,150.0
TU Deshpande,21,14,150.0
Harmeet Singh,18,12,150.0
MA Wood,12,8,150.0
JC Archer,186,124,150.0
PJ Cummins,510,342,149.12
CH Gayle,4956,3331,148.78
RR Pant,3281,2206,148.73
Arshad Khan,96,65,147.69
PP Shaw,1890,1280,147.66
R Powell,360,244,147.54
KA Pollard,3411,2315,147.34
JC Buttler,3559,2419,147.13
Atharva Taide,247,168,147.02
D Wiese,147,100,147.0
Vivrant Sharma,69,47,146.81
S Dube,1499,1022,146.67
Tilak Varma,1154,787,146.63
P Sahu,19,13,146.15
HH Pandya,2521,1730,145.72
Abdul Samad,574,394,145.69
MJ Lumb,278,191,145.55
P Simran Singh,750,516,145.35
PBB Rajapaksa,276,190,145.26
SA Yadav,3575,2462,145.21
A Ashish Reddy,280,193,145.08
JM Bairstow,1587,1096,144.8
KR Mayers,373,258,144.57
Arjun Tendulkar,13,9,144.44
Misbah-ul-Haq,117,81,144.44
MF Maharoof,177,123,143.9
YK Pathan,3210,2233,143.75
ST Jayasuriya,760,529,143.67
Nithish Kumar Reddy,303,212,142.92
RK Singh,879,617,142.46
Mohammad Nabi,215,151,142.38
LH Ferguson,64,45,142.22
MP Stoinis,1856,1308,141.9
MM Ali,1160,818,141.81
DP Conway,923,651,141.78
HM Amla,575,406,141.63
JA Morkel,967,683,141.58
M Shahrukh Khan,553,391,141.43
MS Gony,99,70,141.43
MK Lomror,526,372,141.4
N Wadhera,350,250,140.0
AU Rashid,21,15,140.0
V Viyaskanth,7,5,140.0
CA Lynn,1317,941,139.96
DA Warner,6537,4682,139.62
SV Samson,4412,3167,139.31
JJ Roy,614,441,139.23
DA Miller,2913,2094,139.11
SN Thakur,306,220,139.09
RN ten Doeschate,326,235,138.72
Sunny Singh,43,31,138.71
B Sai Sudharsan,1018,735,138.5
RA Tripathi,2213,1598,138.49
AN Ahmed,36,26,138.46
B Akhil,76,55,138.18
AC Gilchrist,2046,1483,137.96
SR Watson,3864,2801,137.95
NLTC Perera,421,306,137.58
Harbhajan Singh,824,599,137.56
MS Dhoni,5213,3790,137.55
Yudhvir Singh,22,16,137.5
D Salunkhe,33,24,137.5
ML Hayden,1096,799,137.17
E Lewis,654,477,137.11
RD Gaikwad,2372,1730,137.11
M Morkel,122,89,137.08
S Narwal,37,27,137.04
SK Raina,5513,4025,136.97
BJ Rohrer,193,141,136.88
JR Hopes,417,305,136.72
VR Iyer,1320,966,136.65
F du Plessis,4566,3345,136.5
I Udana,15,11,136.36
JP Faulkner,524,385,136.1
SM Curran,874,643,135.93
Ishan Kishan,2635,1939,135.89
Shubman Gill,3205,2360,135.81
R Parag,1173,865,135.61
DL Chahar,80,59,135.59
DR Smith,2379,1755,135.56
MJ Guptill,265,196,135.2
R Tewatia,1011,748,135.16
KD Karthik,4824,3570,135.13
KP Pietersen,1000,742,134.77
PN Mankad,97,72,134.72
KL Rahul,4680,3474,134.72
N Rana,2621,1946,134.69
BA Stokes,934,695,134.39
Q de Kock,3152,2349,134.18
A Badoni,633,472,134.11
Sikandar Raza,182,136,133.82
D Brevis,230,172,133.72
DAJ Bracewell,12,9,133.33
CRD Fernando,4,3,133.33
P Chopra,8,6,133.33
JPR Scantlebury-Searles,8,6,133.33
AC Blizzard,120,90,133.33
K Upadhyay,12,9,133.33
VRV Singh,4,3,133.33
MA Agarwal,2651,1990,133.22
S Vidyut,145,109,133.03
A Manohar,231,174,132.76
KH Pandya,1643,1239,132.61
C de Grandhomme,297,224,132.59
SE Marsh,2473,1866,132.53
SM Pollock,147,111,132.43
V Kohli,7995,6051,132.13
Rahmanullah Gurbaz,283,215,131.63
TR Birt,75,57,131.58
DJ Mitchell,351,267,131.46
BB McCullum,2857,2176,131.3
JD Ryder,596,455,130.99
M Vohra,1083,828,130.8
A Mithun,34,26,130.77
RG Sharma,6588,5039,130.74
A Symonds,973,745,130.6
RV Uthappa,4942,3784,130.6
AR Patel,1643,1259,130.5
AK Markram,995,764,130.24
SN Khan,578,444,130.18
OA Shah,505,388,130.15
PD Collingwood,203,156,130.13
Ankit Sharma,87,67,129.85
RA Jadeja,2942,2267,129.78
SM Katich,240,185,129.73
Yuvraj Singh,2742,2115,129.65
V Shankar,1110,857,129.52
DJ Bravo,1546,1196,129.26
B Lee,124,96,129.17
DJ Hooda,1455,1127,129.1
SW Billings,497,385,129.09
STR Binny,879,682,128.89
UT Khawaja,127,99,128.28
AJ Finch,2083,1626,128.11
Azhar Mahmood,388,303,128.05
CJ Anderson,538,421,127.79
MR Marsh,665,521,127.64
WP Saha,2929,2296,127.57
AT Rayudu,4325,3391,127.54
KK Nair,1491,1169,127.54
SS Iyer,3123,2449,127.52
SPD Smith,2461,1931,127.45
S Sohal,368,289,127.34
Azmatullah Omarzai,42,33,127.27
LMP Simmons,1079,848,127.24
MW Short,117,92,127.17
CL White,962,757,127.08
S Dhawan,6736,5304,127.0
MC Henriques,996,785,126.88
Gulbadin Naib,19,15,126.67
AC Voges,181,143,126.57
P Negi,364,288,126.39
DH Yagnik,168,133,126.32
MV Boucher,387,307,126.06
AD Mathews,722,573,126.0
BJ Hodge,1399,1112,125.81
KS Williamson,2128,1692,125.77
AD Hales,147,117,125.64
AS Yadav,49,39,125.64
C Munro,177,141,125.53
SA Asnodkar,423,337,125.52
Sohail Tanvir,35,28,125.0
A Choudhary,25,20,125.0
Arshad Khan (2),5,4,125.0
AP Tare,339,272,124.63
MN van Wyk,163,131,124.43
JP Duminy,2026,1631,124.22
Shakib Al Hasan,788,635,124.09
JO Holder,259,209,123.92
LA Pomersbach,301,243,123.87
G Gambhir,4197,3394,123.66
DPMD Jayawardene,1806,1462,123.53
AM Rahane,4640,3757,123.5
Sachin Baby,142,115,123.48
LRPL Taylor,1010,818,123.47
MG Bracewell,58,47,123.4
D Padikkal,1555,1262,123.22
Mandeep Singh,1705,1385,123.1
AB McDonald,123,100,123.0
DJ Hussey,1316,1070,122.99
KS Bharat,198,161,122.98
KM Jadhav,1191,969,122.91
MEK Hussey,1976,1610,122.73
HV Patel,249,203,122.66
Harpreet Brar,233,190,122.63
EJG Morgan,1406,1147,122.58
DJG Sammy,295,241,122.41
SA Abbott,22,18,122.22
DNT Zoysa,11,9,122.22
Shahbaz Ahmed,535,438,122.15
GJ Bailey,660,541,122.0
M Vijay,2619,2148,121.93
MJ McClenaghan,84,69,121.74
HC Brook,186,153,121.57
S Anirudha,136,112,121.43
AJ Tye,91,75,121.33
IK Pathan,1149,947,121.33
KC Sangakkara,1680,1385,121.3
LA Carseldine,80,66,121.21
Gurkeerat Singh,511,422,121.09
MK Pandey,3840,3174,120.98
PA Patel,2841,2350,120.89
Anmolpreet Singh,139,115,120.87
SS Tiwary,1489,1235,120.57
PC Valthaty,499,414,120.53
R Bhatia,342,284,120.42
GD Phillips,65,54,120.37
SR Tendulkar,2331,1941,120.09
Joginder Sharma,36,30,120.0
Saurav Chauhan,18,15,120.0
DM Bravo,6,5,120.0
SS Prabhudessai,126,105,120.0
Salman Butt,192,160,120.0
KV Sharma,351,294,119.39
T Taibu,31,26,119.23
Anuj Rawat,318,267,119.1
Sanvir Singh,25,21,119.05
S Badrinath,1438,1208,119.04
TK Curran,127,107,118.69
JD Unadkat,197,166,118.67
Sameer Rizvi,51,43,118.6
R Ashwin,799,674,118.55
SP Fleming,192,162,118.52
DB Ravi Teja,373,315,118.41
KA Jamieson,65,55,118.18
NL McCullum,26,22,118.18
TL Suman,676,573,117.98
NV Ojha,1543,1308,117.97
Y Venugopal Rao,980,832,117.79
AB Agarkar,177,151,117.22
RS Bopara,531,453,117.22
A Flintoff,62,53,116.98
R Sathish,269,230,116.96
DB Das,304,260,116.92
MK Tiwary,1685,1444,116.69
Vijaykumar Vyshak,14,12,116.67
Washington Sundar,377,324,116.36
AS Raut,194,167,116.17
DJM Short,115,99,116.16
OF Smith,51,44,115.91
AM Nayar,664,573,115.88
LR Shukla,405,350,115.71
R Dravid,2173,1878,115.71
JL Pattinson,15,13,115.38
SD Lad,15,13,115.38
J Suchith,70,61,114.75
DT Christian,452,394,114.72
CA Ingram,205,179,114.53
AP Majumdar,87,76,114.47
M Markande,48,42,114.29
KC Cariappa,24,21,114.29
BR Dunk,40,35,114.29
MD Mishra,235,206,114.08
J Botha,408,358,113.97
NM Coulter-Nile,82,72,113.89
RE Levi,83,73,113.7
TM Dilshan,1138,1001,113.69
MS Bisla,794,700,113.43
CM Gautam,169,149,113.42
Umran Malik,17,15,113.33
Swapnil Singh,51,45,113.33
TG Southee,120,106,113.21
R Vinay Kumar,310,274,113.14
TL Seifert,26,23,113.04
PK Garg,269,238,113.03
RE van der Merwe,159,141,112.77
JJ van der Wath,18,16,112.5
AA Kulkarni,9,8,112.5
R Dhawan,210,187,112.3
B Chipli,280,250,112.0
R Bishnoi,19,17,111.76
Y Gnaneswara Rao,19,17,111.76
AL Menaria,395,354,111.58
J Syed Mohammad,29,26,111.54
VH Zol,29,26,111.54
KAJ Roach,10,9,111.11
J Yadav,40,36,111.11
RR Raje,20,18,111.11
PP Chawla,623,561,111.05
Shoaib Malik,51,46,110.87
BB Samantray,125,113,110.62
Aman Hakim Khan,115,104,110.58
AT Carey,32,29,110.34
N Jagadeesan,162,147,110.2
S Rana,87,79,110.13
GC Smith,731,664,110.09
HH Gibbs,886,805,110.06
Y Nagar,285,259,110.04
DJ Harris,111,101,109.9
RV Patel,80,73,109.59
M Manhas,514,470,109.36
JH Kallis,2419,2213,109.31
MA Khote,24,22,109.09
AA Chavan,12,11,109.09
JEC Franklin,327,300,109.0
JM Kemp,26,24,108.33
AS Roy,26,24,108.33
P Kumar,338,312,108.33
DL Vettori,121,112,108.04
YV Takawale,191,177,107.91
MDKJ Perera,14,13,107.69
F Behardien,14,13,107.69
W Jaffer,130,121,107.44
K Rabada,206,192,107.29
SP Jackson,61,57,107.02
SC Ganguly,1343,1257,106.84
RJ Peterson,32,30,106.67
S Gopal,180,169,106.51
TA Boult,83,78,106.41
FY Fazal,183,172,106.4
Iqbal Abdulla,87,82,106.1
SD Chitnis,93,88,105.68
AC Thomas,20,19,105.26
CJ Jordan,81,77,105.19
RR Powar,67,64,104.69
M Kartik,112,107,104.67
RJ Harris,116,111,104.5
DW Steyn,167,160,104.38
MJ Clarke,98,94,104.26
Mohsin Khan,25,24,104.17
WPUJC Vaas,75,72,104.17
RD Chahar,129,124,104.03
M Kaif,259,249,104.02
AA Jhunjhunwala,217,209,103.83
VVS Laxman,276,266,103.76
S Aravind,59,57,103.51
UT Yadav,208,201,103.48
MS Wade,183,177,103.39
Lalit Yadav,294,285,103.16
PA Reddy,164,160,102.5
R Rampaul,50,49,102.04
SE Rutherford,106,104,101.92
MG Johnson,166,163,101.84
NK Patel,121,119,101.68
HR Shokeen,66,65,101.54
CR Woakes,78,77,101.3
JR Philippe,78,77,101.3
AD Mascarenhas,79,78,101.28
PR Shah,91,90,101.11
RJ Quiney,103,102,100.98
Harpreet Singh,119,118,100.85
UBT Chand,300,299,100.33
SJ Srivastava,5,5,100.0
J Arunkumar,23,23,100.0
Abdul Basith,1,1,100.0
KB Arun Karthik,51,51,100.0
JE Taylor,3,3,100.0
SZ Mulani,1,1,100.0
VS Yeligati,2,2,100.0
VS Malik,7,7,100.0
CA Pujara,390,390,100.0
DG Nalkande,12,12,100.0
L Ronchi,34,34,100.0
MD Shanaka,26,26,100.0
M Theekshana,7,7,100.0
M Jansen,66,66,100.0
Liton Das,4,4,100.0
Rasikh Salam,40,40,100.0
GB Hogg,22,22,100.0
RJ Gleeson,2,2,100.0
RG More,2,2,100.0
DT Patil,13,13,100.0
DP Vijaykumar,1,1,100.0
DJ Malan,26,26,100.0
Mukesh Choudhary,6,6,100.0
Mashrafe Mortaza,2,2,100.0
DS Lehmann,18,18,100.0
DR Sams,44,44,100.0
AR Bawne,12,12,100.0
N Saini,140,140,100.0
AB Barath,42,42,100.0
NJ Rimmington,1,1,100.0
A Nortje,49,49,100.0
A Kamboj,2,2,100.0
SP Goswami,292,293,99.66
SB Styris,131,132,99.24
JDP Oram,106,107,99.07
JDS Neesham,92,93,98.92
PWH de Silva,72,73,98.63
MJ Santner,69,70,98.57
Vishnu Vinod,55,56,98.21
RV Gomez,50,51,98.04
MC Juneja,125,128,97.66
RR Sarwan,73,75,97.33
SB Jakati,28,29,96.55
MA Starc,105,109,96.33
DS Kulkarni,104,108,96.3
M Klinger,72,75,96.0
DE Bollinger,21,22,95.45
Anirudh Singh,63,66,95.45
NJ Maddinson,20,21,95.24
MM Patel,39,41,95.12
B Sumanth,35,37,94.59
K Goel,218,231,94.37
B Kumar,306,325,94.15
DJ Jacobs,92,98,93.88
GR Napier,15,16,93.75
Mohammed Shami,74,79,93.67
MN Samuels,161,172,93.6
MM Sharma,124,133,93.23
Mohammed Siraj,109,117,93.16
R McLaren,159,171,92.98
SK Warne,197,213,92.49
KW Richardson,36,39,92.31
P Dogra,127,138,92.03
AD Nath,90,98,91.84
HE van der Dussen,22,24,91.67
Basil Thampi,32,35,91.43
A Mishra,380,417,91.13
Shivam Mavi,51,56,91.07
AA Noffke,9,10,90.0
T Banton,18,20,90.0
Navdeep Saini,33,37,89.19
Imran Tahir,33,37,89.19
T Kohler-Cadmore,48,54,88.89
SL Malinga,88,99,88.89
CK Langeveldt,8,9,88.89
SW Tait,23,26,88.46
JJ Bumrah,68,77,88.31
GH Vihari,281,319,88.09
R Sharma,66,75,88.0
Simarjeet Singh,7,8,87.5
AN Ghosh,7,8,87.5
AG Paunikar,48,55,87.27
A Mukund,19,22,86.36
S Sriram,31,36,86.11
BA Bhatt,6,7,85.71
AJ Turner,24,28,85.71
SH Johnson,6,7,85.71
SS Shaikh,6,7,85.71
DJ Willey,53,62,85.48
BMAJ Mendis,23,27,85.19
Parvez Rasool,17,20,85.0
Kuldeep Yadav,183,216,84.72
SB Bangar,49,58,84.48
AS Joseph,27,32,84.38
CJ Ferguson,98,117,83.76
J Theron,10,12,83.33
Z Khan,116,140,82.86
I Sharma,57,69,82.61
R Shukla,19,23,82.61
AA Bilakhia,69,84,82.14
Kartik Tyagi,13,16,81.25
WD Parnell,65,80,81.25
S Chanderpaul,25,31,80.65
Akash Madhwal,4,5,80.0
A Dananjaya,4,5,80.0
FH Edwards,4,5,80.0
GD McGrath,4,5,80.0
Mujeeb Ur Rahman,12,15,80.0
M Rawat,55,69,79.71
AF Milne,23,29,79.31
DR Martyn,19,24,79.17
P Ray Barman,19,24,79.17
RA Bawa,11,14,78.57
IR Jaggi,76,97,78.35
C Madan,14,18,77.78
Ankit Soni,7,9,77.78
Tanush Kotian,24,31,77.42
Mohammad Hafeez,64,83,77.11
D du Preez,10,13,76.92
Sandeep Sharma,53,69,76.81
Anureet Singh,36,47,76.6
DR Shorey,13,17,76.47
NT Ellis,19,25,76.0
K Kartikeya,9,12,75.0
Sumit Kumar,18,24,75.0
Naveen-ul-Haq,18,24,75.0
S Tyagi,3,4,75.0
KMA Paul,18,24,75.0
WA Mota,56,75,74.67
A Chopra,53,71,74.65
A Kumble,35,47,74.47
DJ Thornely,39,53,73.58
L Balaji,36,49,73.47
T Henderson,11,15,73.33
TM Srivastava,8,11,72.73
Jaskaran Singh,8,11,72.73
CK Kapugedera,16,22,72.73
D Ferreira,8,11,72.73
Arshdeep Singh,29,40,72.5
SK Trivedi,42,58,72.41
Yashpal Singh,47,65,72.31
Noor Ahmad,13,18,72.22
FA Allen,13,18,72.22
AG Murtaza,10,14,71.43
RT Ponting,91,128,71.09
Karanveer Singh,12,17,70.59
M Ashwin,35,50,70.0
B Indrajith,21,30,70.0
P Dubey,23,33,69.7
YV Dhull,16,23,69.57
BB Sran,9,13,69.23
VR Aaron,49,71,69.01
M Muralitharan,20,29,68.97
RP Singh,52,76,68.42
JR Hazlewood,19,28,67.86
SB Wagh,2,3,66.67
Shivam Singh,2,3,66.67
JP Behrendorff,6,9,66.67
Harshit Rana,2,3,66.67
JE Root,10,15,66.67
C Sakariya,20,30,66.67
T Thushara,12,18,66.67
KL Nagarkoti,22,33,66.67
JA Richardson,17,26,65.38
A Nehra,39,60,65.0
KS Sharma,16,25,64.0
Ravi Bishnoi,32,50,64.0
G Coetzee,14,22,63.64
AS Rajpoot,26,41,63.41
A Zampa,15,24,62.5
SMSM Senanayake,10,16,62.5
NS Naik,31,50,62.0
S Sreesanth,34,55,61.82
SM Harwood,8,13,61.54
M Ntini,11,18,61.11
T Natarajan,3,5,60.0
Kamran Khan,3,5,60.0
R Ninan,3,5,60.0
PJ Sangwan,26,44,59.09
X Thalaivan Sargunam,10,17,58.82
Pankaj Singh,7,12,58.33
T Kohli,11,19,57.89
Virat Singh,15,26,57.69
TS Mills,8,14,57.14
A Uniyal,4,7,57.14
A Chandila,4,7,57.14
Mustafizur Rahman,13,23,56.52
S Badree,13,23,56.52
VG Arora,9,16,56.25
Mukesh Kumar,10,18,55.56
S Kaul,20,36,55.56
VY Mahesh,15,27,55.56
CV Varun,25,46,54.35
AB Dinda,26,48,54.17
CJ McKay,8,15,53.33
Mohammad Asif,3,6,50.0
Mohit Rathee,1,2,50.0
PM Sarvesh Kumar,1,2,50.0
PSP Handscomb,6,12,50.0
GHS Garton,2,4,50.0
MJ Suthar,1,2,50.0
T Shamsi,2,4,50.0
BAW Mendis,3,6,50.0
S Randiv,2,4,50.0
SE Bond,1,2,50.0
LB Williams,1,2,50.0
M de Lange,1,2,50.0
RJW Topley,3,6,50.0
A Tomar,4,8,50.0
P Parameswaran,1,2,50.0
KA Maharaj,1,2,50.0
KP Appanna,2,4,50.0
UA Birla,7,14,50.0
PV Tambe,18,38,47.37
S Nadeem,39,87,44.83
YS Chahal,37,86,43.02
Younis Khan,3,7,42.86
Kumar Kushagra,3,7,42.86
SB Joshi,6,14,42.86
GC Viljoen,3,7,42.86
IS Sodhi,7,17,41.18
H Das,2,5,40.0
BR Sharath,2,5,40.0
B Laughlin,5,13,38.46
RK Bhui,10,26,38.46
TD Paine,10,26,38.46
M Prasidh Krishna,9,24,37.5
D Kalyankrishna,3,8,37.5
PP Ojha,16,44,36.36
P Awana,5,14,35.71
DJ Muthuswami,1,3,33.33
BE Hendricks,1,3,33.33
LE Plunkett,1,3,33.33
DP Nannes,4,13,30.77
Shoaib Akhtar,2,7,28.57
RS Gavaskar,2,8,25.0
Fazalhaq Farooqi,3,13,23.08
A Singh,2,9,22.22
Mohammad Ashraful,2,10,20.0
HF Gurney,1,5,20.0
Shoaib Ahmed,1,6,16.67
KK Ahmed,1,7,14.29
R Sanjay Yadav,0,2,0.0
RP Meredith,0,3,0.0
RR Bhatkal,0,2,0.0
Mayank Dagar,0,1,0.0
Y Prithvi Raj,0,1,0.0
ND Doshi,0,13,0.0
V Pratap Singh,0,1,0.0
S Kaushik,0,1,0.0
Abdur Razzak,0,2,0.0
K Yadav,0,4,0.0
KR Sen,0,3,0.0
KM Asif,0,2,0.0
S Lamichhane,0,1,0.0
L Ablish,0,2,0.0
S Ladda,0,9,0.0
SS Cottrell,0,2,0.0
IC Pandey,0,2,0.0
C Nanda,0,1,0.0
JL Denly,0,1,0.0
Sunny Gupta,0,1,0.0
Yash Dayal,0,1,0.0
U Kaul,0,1,0.0
YA Abdulla,0,1,0.0
